Name,Gender,Phone,Email,Address,Nationality,Data of birth,Education background,Preferred mode of contact
sdasadasd,m,sda,a@b.com,213213,1323,2016-01-01,231231321,Email
sdasadasd,m,sda,a@b.com,213213,1323,2016-01-01,231231321,Email
sdasadasd,m,sda,a@b.com,213213,1323,2016-01-01,231231321,Email
213321321,m,132213,321321@as.com,132,132321,2016-01-01,1321,Email
213321321,m,132213,321321@as.com,132,132321,2016-01-01,1321,Email
213321321,m,132213,321321@as.com,132,132321,2016-01-01,1321,Email
213321321,m,132213,321321@as.com,132,132321,2016-01-01,1321,Email
213321321,m,132213,321321@as.com,132,132321,2016-01-01,1321,Email
213321321,m,132213,321321@as.com,132,132321,2016-01-01,1321,Email
123321231,m,123,a@b1.com,231321,231,2017-01-01,213,Email
123321231,m,123,a@b2131.com,231321,231,2017-01-01,213,Email
